{"_runtime":13537.492733517,"_step":4599,"Validation Metric":0,"Best Metric":0,"_wandb":{"runtime":13540},"Train Loss":26349.310546875,"Epoch":200,"_timestamp":1.7343925718455544e+09}