{"_wandb":{"runtime":68},"Train Loss":198357.328125,"Epoch":1,"_timestamp":1.7343789661824965e+09,"_runtime":66.146525138,"_step":22,"Validation Metric":0,"Best Metric":0}